"","baseMean","log2FoldChange","lfcSE","stat","pvalue","padj","symbol"
"ENSG00000237667.8",128.190094948034,-3.47580825055503,0.434916184909206,-7.99190366134718,1.32870855146962e-15,2.47578264395334e-11,"LINC01115"
"ENSG00000235833.1",63.8018841190979,6.70184468226973,0.949500353825809,7.05828560807385,1.68569319568246e-12,1.57047606575756e-08,NA
"ENSG00000223751.3",85.9965884022722,-3.35192060534018,0.512411021025465,-6.54146860196748,6.09176248353738e-11,3.78359367852507e-07,NA
"ENSG00000110955.9",1489.57501074425,1.43584856302163,0.225869144217779,6.35699297482268,2.0574139829792e-10,9.58394868621284e-07,"ATP5F1B"
"ENSG00000109971.14",4246.25291707564,1.46620726281943,0.235915896427977,6.21495747009592,5.13385530997623e-10,1.91318251981574e-06,"HSPA8"
"ENSG00000268738.3",52.7432716888348,7.09132380164761,1.14861670515934,6.17379476529892,6.66700747432889e-10,2.07043917115284e-06,"HSFX2"
"ENSG00000014641.21",2194.8699039772,1.20111845167436,0.213089524449648,5.63668465062522,1.73355140672485e-08,4.61446619450059e-05,"MDH1"
"ENSG00000109472.14",2568.29456769917,1.29326842950167,0.230856525654117,5.60204406540935,2.11838681789377e-08,4.93398769722683e-05,"CPE"
"ENSG00000184956.16",205.771868272766,-1.87808533190142,0.338641169333415,-5.54594509462115,2.92370568335972e-08,6.05304533311573e-05,"MUC6"
"ENSG00000152583.13",14709.9875340167,1.55665858549121,0.284729876343867,5.46714171859942,4.5735038890302e-08,8.52180979642998e-05,"SPARCL1"
"ENSG00000205277.10",138.877976568614,-2.08840414365265,0.383327755358986,-5.44809008598103,5.0913570950295e-08,8.62429606833497e-05,"MUC12"
"ENSG00000155876.6",359.773274902791,1.53443437331817,0.283472913230206,5.41298410431216,6.19829946253882e-08,9.62440949045715e-05,"RRAGA"
"ENSG00000293188.2",194.274800864136,-1.79698692734223,0.333637867484405,-5.38604008259413,7.20269068964015e-08,0.000103236719707742,NA
"ENSG00000186310.10",1129.38176099847,1.36299228541428,0.255015124356817,5.34475078233862,9.05415403839658e-08,0.000120504322998174,"NAP1L3"
"ENSG00000276462.3",145.848140015088,-2.29109250306862,0.43422078849758,-5.27633076020125,1.31796115530162e-07,0.000163717134711567,"LINC03025"
"ENSG00000254960.3",438.864780815033,-1.53358511591823,0.291682653323131,-5.25771792887286,1.4585400345519e-07,0.000169856102898785,"KIRREL3-AS2"
"ENSG00000287558.2",307.357764560587,-1.5457010514277,0.295909143873718,-5.22356636632812,1.75509520113016e-07,0.000192368758133284,NA
"ENSG00000189043.10",484.454488150474,1.40008875515707,0.269282512514376,5.19933040613741,2.00007720908668e-07,0.000207041325760623,"NDUFA4"
"ENSG00000163145.13",143.315800274178,2.47432926059504,0.48244084360604,5.12877235289717,2.91637747371352e-07,0.000286004534040547,"C1QTNF7"
"ENSG00000248837.8",122.430268276137,-2.01320503963205,0.393560611697939,-5.11536210635123,3.13139641266348e-07,0.000291736546785794,"LOC105374524"
"ENSG00000300799.1",262.015242259234,-1.63893725867888,0.321148298335892,-5.10336585051651,3.33665062838384e-07,0.000296056243612743,NA
"ENSG00000176903.5",1480.48039053508,1.14380288147455,0.227302486757763,5.03207377002217,4.8520247751706e-07,0.000410944443798881,"PNMA1"
"ENSG00000138448.13",758.501493284138,1.29583239545661,0.25928364083805,4.9977406645026,5.80059223152538e-07,0.000450343479375051,"ITGAV"
"ENSG00000202048.1",118.769320825,-2.36566107056564,0.473126277335474,-5.00006273988509,5.73116619793232e-07,0.000450343479375051,"SNORD114-20"
"ENSG00000102144.15",1223.17923619129,1.14341252007843,0.231364472278758,4.94204018800601,7.73092744539225e-07,0.000576201484359975,"PGK1"
"ENSG00000138078.16",5279.25659336282,1.06565656100626,0.215979263367107,4.9340688749129,8.05340197822255e-07,0.000577150150231619,"PREPL"
"ENSG00000227676.5",42.6588799459487,4.3011899352385,0.88504270919502,4.85986708952226,1.1746458598873e-06,0.000810636159528892,"LINC01068"
"ENSG00000076003.5",258.107162722563,1.43679571401272,0.296830598399961,4.84045688604084,1.29540958924212e-06,0.000862048817012446,"MCM6"
"ENSG00000138623.10",887.259619938537,1.21271708371969,0.25191654008393,4.81396371717257,1.4796568379062e-06,0.000950705029679528,"SEMA7A"
"ENSG00000111640.15",2070.77622617627,1.24938823709593,0.260504748162004,4.79602865556584,1.61842138535091e-06,0.00100520152244145,"GAPDH"
"ENSG00000142168.15",792.863215243214,1.21025353785233,0.254937354385941,4.74725855992121,2.06192296420118e-06,0.00123934872877292,"SOD1"
"ENSG00000163032.12",4834.97712961448,1.08747513636615,0.230692950658304,4.71395044045747,2.42959779460179e-06,0.00141470924083797,"VSNL1"
"ENSG00000233651.2",51.2989692352348,-2.95384121001254,0.627461915516877,-4.70760238504561,2.50647397748893e-06,0.00141524635219852,NA
"ENSG00000163399.16",3047.44011872952,1.07641874864195,0.228996378041391,4.70059289954091,2.59407208982263e-06,0.00142162780146074,"ATP1A1"
"ENSG00000129657.16",1396.58872072953,1.03491671831367,0.220811720391031,4.68687403223416,2.77409592513461e-06,0.00147684941065809,"SEC14L1"
"ENSG00000166165.14",2392.15212084222,1.00345572284571,0.214575354034241,4.67647240924781,2.91851846111627e-06,0.00151057651349943,"CKB"
"ENSG00000278505.5",84.7252349769431,-2.06731954504596,0.443410511880727,-4.66231514511783,3.12671898327878e-06,0.0015331619688272,"C17orf78"
"ENSG00000131095.14",114.461402112213,1.80328311588359,0.388966595990535,4.63608735164362,3.55065966163629e-06,0.00169639593526331,"GFAP"
"ENSG00000075624.17",6530.03684852812,1.27356520522964,0.2755581351115,4.62176594682756,3.80487153373755e-06,0.00172917490946663,"ACTB"
"ENSG00000080824.19",9951.64475108183,1.25826850525133,0.272022467343315,4.62560507424298,3.73506392753868e-06,0.00172917490946663,"HSP90AA1"
"ENSG00000237321.1",196.805501820438,-1.7465101374892,0.378726739693655,-4.61153109733398,3.99713844904715e-06,0.00175023387531587,NA
"ENSG00000281732.2",125.038936191168,-1.74392033472911,0.378343140603005,-4.60936157571046,4.03907350606893e-06,0.00175023387531587,"LOC284933"
"ENSG00000250091.3",352.007488348545,1.2801826368059,0.27867323249849,4.59384859223191,4.35145155001345e-06,0.00184274083480456,NA
"ENSG00000250125.6",303.941651407931,-1.29415228589744,0.282663703882045,-4.57841692486096,4.68508163423085e-06,0.00190514308951588,"LINC02232"
"ENSG00000270069.5",767.950666320608,-1.18197058779848,0.258207209890259,-4.57760489453733,4.70329963600766e-06,0.00190514308951588,NA
"ENSG00000291181.3",109.503698851342,1.96948952305703,0.435528727989126,4.52206570195802,6.12390435836939e-06,0.00242780233849993,NA
"ENSG00000135390.21",297.857369275135,1.32693740829536,0.294219546735086,4.51002465002819,6.48200932886015e-06,0.00245892898252831,"ATP5MC2"
"ENSG00000272046.1",60.9631049878138,2.58696736362596,0.573792737254653,4.50853974904503,6.52753407712673e-06,0.00245892898252831,NA
"ENSG00000105649.10",1538.40399253369,1.21925930842855,0.27057068787939,4.5062505402361,6.59831745432382e-06,0.00245892898252831,"RAB3A"
"ENSG00000233559.3",2485.61104469228,-1.04621988715974,0.236442953689793,-4.42483005237851,9.65182353092669e-06,0.00339416070601615,NA
"ENSG00000174684.7",881.403682519544,1.11647369691674,0.255435125215102,4.37086988712517,1.23752523329805e-05,0.00427014956889676,"B4GAT1"
"ENSG00000225206.13",1869.87986946322,-1.03764770674663,0.239694706842615,-4.32903888623606,1.49761490903714e-05,0.00476986067027281,"MIR137HG"
"ENSG00000127824.15",787.587966718296,1.30398322563274,0.302364905695601,4.3126143314578,1.61335405041263e-05,0.00476986067027281,"TUBA4A"
"ENSG00000156467.10",860.856050843955,1.22928871730065,0.283215133755268,4.34047679938919,1.42173880045893e-05,0.00476986067027281,"UQCRB"
"ENSG00000188133.6",45.5688285122494,2.57077809331271,0.594595739877568,4.32357301086963,1.53522298719928e-05,0.00476986067027281,"TMEM215"
"ENSG00000148798.11",1457.52495162094,1.08274817040332,0.250368573232403,4.3246169294509,1.52797141892205e-05,0.00476986067027281,"INA"
"ENSG00000224411.3",152.978036264881,1.59635341973186,0.369573706943888,4.31944532237579,1.56421856953701e-05,0.00476986067027281,NA
"ENSG00000073969.19",2135.82953324682,1.04229960147298,0.241876796797619,4.30921698679964,1.63833565661707e-05,0.00476986067027281,"NSF"
"ENSG00000182220.15",628.923795207956,1.06391502732191,0.24652353754911,4.31567321278589,1.59117225324026e-05,0.00476986067027281,"ATP6AP2"
"ENSG00000253361.4",213.751008951132,-1.68514556493027,0.391373091042141,-4.30572669276546,1.66438446908662e-05,0.00477115012499862,NA
"ENSG00000310519.2",136.608626246037,1.81269845198796,0.424673848192497,4.26844850395943,1.968372552705e-05,0.00539363026096356,NA
"ENSG00000304524.1",56.514363151865,2.48030153392081,0.585943941182383,4.23300141804655,2.30593050545573e-05,0.00613805758687952,NA
"ENSG00000079459.14",809.056056018769,1.17374216768375,0.277608976475853,4.22804111950553,2.35734716630949e-05,0.00618654221828798,"FDFT1"
"ENSG00000188021.9",540.875630001118,1.16895107293102,0.277083206803558,4.21877271602302,2.45635733122713e-05,0.00626976796613084,"UBQLN2"
"ENSG00000187189.11",1460.51628580848,1.0534623028437,0.250277610404316,4.20917516809381,2.56304631168617e-05,0.00636398185429396,"TSPYL4"
"ENSG00000101079.21",1309.32331151556,1.05495132043807,0.250802034464279,4.20631085665424,2.59573134184694e-05,0.00636398185429396,"NDRG3"
"ENSG00000308422.1",265.749274425799,-1.30355705875768,0.310466082292463,-4.19871004630293,2.68439783272401e-05,0.00649589413209694,NA
"ENSG00000044574.9",980.095892261247,1.10750474742315,0.264021945753771,4.19474504008093,2.73178689189117e-05,0.00652581860982157,"HSPA5"
"ENSG00000143858.12",826.598843537394,1.19249323955851,0.285515704204031,4.17662924315487,2.95860669626099e-05,0.00670430714044009,"SYT2"
"ENSG00000287985.2",144.556122076442,1.68034594654065,0.401940005939813,4.18058894787465,2.90755047841287e-05,0.00670430714044009,NA
"ENSG00000299609.1",140.409050188459,-1.51528025993438,0.362984826248175,-4.17450028310102,2.98640848310271e-05,0.00670430714044009,NA
"ENSG00000254938.2",332.641623742718,-1.25459937906542,0.301433070344162,-4.16211591393397,3.15312213429e-05,0.00699430056288399,NA
"ENSG00000180525.15",730.03433521966,-1.03511219513371,0.251477656944865,-4.11611992774633,3.85303873798584e-05,0.00789146019107704,"DIP2C-AS1"
"ENSG00000120053.12",894.604598928827,1.03628572995555,0.251766421178812,4.1160601366278,3.85403787574739e-05,0.00789146019107704,"GOT1"
"ENSG00000089220.5",1426.43676717124,1.15039485840115,0.279423458392222,4.11703034892068,3.83785551191267e-05,0.00789146019107704,"PEBP1"
"ENSG00000131100.13",750.479774474,1.16560672601076,0.284032950337623,4.10377290601403,4.06466465165496e-05,0.00814375230691257,"ATP6V1E1"
"ENSG00000297170.1",200.039238781519,-1.37127948051731,0.3354906094079,-4.08738558416718,4.36261709961296e-05,0.00832425830682312,NA
"ENSG00000279083.1",147.747877116058,-1.69503613658143,0.414312130280063,-4.09120567007206,4.29136336597306e-05,0.00832425830682312,NA
"ENSG00000286233.1",150.321392271176,-1.47294313945456,0.360103939460829,-4.09032775831319,4.30764014137502e-05,0.00832425830682312,NA
"ENSG00000228133.3",186.341283958695,-1.35806637023521,0.332324943707061,-4.08656164983007,4.37813188465983e-05,0.00832425830682312,"LOC105371485"
"ENSG00000277758.6",456.059527683034,-1.12914269654752,0.277137284007408,-4.07430815594391,4.61513389690489e-05,0.00841787062511754,"SYT15B"
"ENSG00000110721.12",861.971638150218,-1.09078701685638,0.267473689852315,-4.07810957952035,4.54033674785703e-05,0.00841787062511754,"CHKA"
"ENSG00000189221.11",132.276914354848,1.49913934110249,0.367313496672124,4.08136198284233,4.47725615300213e-05,0.00841787062511754,"MAOA"
"ENSG00000233363.1",201.327558687644,-1.32565479128894,0.326056250541147,-4.06572420890194,4.78835344817029e-05,0.00844142398405997,NA
"ENSG00000258010.4",268.36296606109,-1.30354126293093,0.320326542786975,-4.06941382874357,4.71315673687931e-05,0.00844142398405997,NA
"ENSG00000257060.10",246.603908103586,-1.27390871188836,0.313549658571286,-4.06286110370212,4.84748760958738e-05,0.00844142398405997,NA
"ENSG00000125868.16",985.202903413572,1.11351801713781,0.273950433940046,4.06466965984622,4.8100539419331e-05,0.00844142398405997,"DSTN"
"ENSG00000112972.16",871.406274821343,1.10366664648363,0.272001414107935,4.05757686997053,4.95844992444652e-05,0.00855470346687148,"HMGCS1"
"ENSG00000134215.16",280.279524541453,1.44534158194192,0.357089495563003,4.04756118536372,5.17540559286048e-05,0.00876980426927477,"VAV3"
"ENSG00000107295.10",2670.46567846873,1.02900026407551,0.254232491678005,4.04747739867482,5.17725792744177e-05,0.00876980426927477,"SH3GL2"
"ENSG00000224973.7",197.810870266883,-1.35323287541356,0.334709280624023,-4.04300972142341,5.27694318550188e-05,0.00885813354733843,"LARGE-AS1"
"ENSG00000229807.14",7082.15636181314,11.1773789077048,2.77769408845298,4.02397764180359,5.72233521635172e-05,0.009520024293418,"XIST"
"ENSG00000240891.8",526.681936802432,1.2800674160776,0.318880611766808,4.01425288601016,5.96343836577525e-05,0.00972871487090771,"PLCXD2"
"ENSG00000109107.14",1050.98503541063,1.04281091171415,0.25988167537686,4.01263732889957,6.00441265579556e-05,0.00972871487090771,"ALDOC"
"ENSG00000174226.9",80.438117501556,2.19204051423373,0.546971006511917,4.00759910148175,6.13391258446386e-05,0.00985286148157889,"SNX31"
"ENSG00000078668.14",897.990812387818,1.14343643452462,0.285744554057847,4.00160359414282,6.2914638763669e-05,0.0100195595220807,"VDAC3"
"ENSG00000116161.18",617.240823031794,1.02632436499366,0.256903971219229,3.99497275235908,6.47016937125045e-05,0.0100465554912091,"CACYBP"
"ENSG00000052802.13",315.273711180891,1.22295395879447,0.306288180711966,3.99282125726079,6.52917857033844e-05,0.0100543953967865,"MSMO1"
"ENSG00000232489.1",187.781045585445,-1.3876762201715,0.347830951800865,-3.98951333395409,6.62089975014522e-05,0.0101120676265947,NA
"ENSG00000293607.1",180.294815370072,1.31094009265973,0.32913026986515,3.9830432284361,6.80383737272759e-05,0.0103069838834173,NA
"ENSG00000171951.5",1429.00844464111,1.10836243207215,0.278983980570672,3.97285331510774,7.10167854386892e-05,0.0105860461046328,"SCG2"
"ENSG00000157404.17",841.415884683864,1.30545723997634,0.328972462766489,3.96828728154969,7.23910344434856e-05,0.0106974882938187,"KIT"
"ENSG00000102471.16",2081.48705135545,1.00919799226468,0.254425497447628,3.96657568674861,7.29126288474737e-05,0.0106974882938187,"NDFIP2"
"ENSG00000286655.2",73.6568214497673,1.87878602606574,0.475428623756732,3.95177305737292,7.7574290090539e-05,0.0111187826712078,NA
"ENSG00000189241.8",2549.85505129666,1.02389672222677,0.259416228120501,3.94692625686916,7.91609254604833e-05,0.0112595841534747,"TSPYL1"
"ENSG00000279628.1",43.8417174839483,2.41386614178735,0.612539705424927,3.94075048590167,8.12270821973996e-05,0.0113797309968733,NA
"ENSG00000166913.13",2156.05065456823,1.05003466213483,0.266432428620333,3.94109180917738,8.11115713662067e-05,0.0113797309968733,"YWHAB"
"ENSG00000254656.3",263.839364674761,-1.23171243772496,0.313825114627992,-3.92483705195178,8.67884651410505e-05,0.0119645200448768,"RTL1"
"ENSG00000182636.8",148.943526336772,1.43782402178783,0.367393224370421,3.91358339351995,9.09364746647748e-05,0.0120600499013319,"NDN"
"ENSG00000224192.2",89.5070047693436,-1.69273473347177,0.433367387819216,-3.9060039611885,9.38349739922302e-05,0.0123128666929382,NA
"ENSG00000308132.1",388.123263412134,-1.17986040958754,0.303792118917458,-3.8837755692672,0.000102846846508621,0.0132161744206561,NA
"ENSG00000280222.1",248.887500681247,-1.23184847392709,0.317429701745466,-3.88069694535032,0.000104157561812373,0.0132929304743147,NA
"ENSG00000188229.6",856.380122522427,1.2074015284866,0.312240611398486,3.86689458196613,0.000110230048130077,0.013972220998692,"TUBB4B"
"ENSG00000283434.2",52.5928990584109,2.16121647552198,0.559296276341653,3.8641710430444,0.000111467096731036,0.0140335568472257,"CSNKA2IP"
"ENSG00000176788.9",2243.98064667058,1.03341602635657,0.267888263760313,3.85763829982934,0.00011448790115997,0.0142699410542965,"BASP1"
"ENSG00000283199.3",254.08719539797,-1.32289204091033,0.343001605137806,-3.85681005888831,0.000114876356901437,0.0142699410542965,"C13orf46"
"ENSG00000240695.1",113.486498832261,-1.52893827698788,0.397267322214191,-3.84863841422006,0.000118776177750313,0.014585098773349,NA
"ENSG00000279608.1",292.189954890383,-1.0884784087772,0.283911513464007,-3.83386497960812,0.000126145401098671,0.0151643048946551,NA
"ENSG00000180828.3",63.4157352746966,2.60047834774738,0.679831860054968,3.82517869571031,0.000130677265182163,0.0155089775932436,"BHLHE22"
"ENSG00000205746.10",191.704130599353,1.3055849242128,0.342050607483208,3.81693496707762,0.000135119766281717,0.0158437141677449,"PKD1P4"
"ENSG00000232827.4",49.8485085070246,-2.49731967721342,0.655329360402722,-3.81078558067157,0.00013852588173945,0.015933041694143,NA
"ENSG00000163827.14",310.382216060917,-1.47947398069076,0.389852795903546,-3.79495541967794,0.000147669987609577,0.0166759689644197,"LRRC2"
"ENSG00000140319.11",642.024282406433,1.07142369334693,0.283235265170103,3.78280470372736,0.000155071083752154,0.0174062620696017,"SRP14"
"ENSG00000271204.1",439.661022732044,-1.10175395818749,0.291845360589897,-3.7751292532475,0.000159924718222778,0.0177809966794103,NA
"ENSG00000276417.1",200.491435837943,-1.2100419485187,0.32058194941448,-3.77451678339579,0.000160318115286906,0.0177809966794103,NA
"ENSG00000126945.9",295.14151187119,1.16804864768869,0.309705464899413,3.77148219863685,0.000162280736675482,0.0178569773027676,"HNRNPH2"
"ENSG00000261226.1",48.2527223107888,-2.13637912577907,0.567061197962654,-3.76745778666339,0.000164918416388099,0.0179703207752015,NA
"ENSG00000310053.1",136.009206166156,-1.47611358369349,0.392626091970668,-3.75959115779745,0.000170191257149474,0.0184370563631753,NA
"ENSG00000165678.22",879.763268370959,1.00818577183086,0.268427878049632,3.7558907038875,0.000172726066560532,0.0185909786099905,"GHITM"
"ENSG00000150991.16",2143.33157545892,1.04223032322283,0.277778386301165,3.75202094410922,0.000175414805702772,0.0186173594496252,"UBC"
"ENSG00000168298.7",343.865949160576,1.14052585206435,0.304412720526004,3.74664320890926,0.000179216707709442,0.0187603646896069,"H1-4"
"ENSG00000265735.2",190.571353723925,1.63542267114225,0.436395262120035,3.74757201349362,0.000178554582261567,0.0187603646896069,NA
"ENSG00000287536.1",149.595980736795,-1.29810793595826,0.348087079756363,-3.72926204806811,0.000192041358895073,0.019879481334955,NA
"ENSG00000165092.13",119.050967156405,1.43495458546201,0.387702616489039,3.70117333346028,0.000214604810004966,0.0213835905070723,"ALDH1A1"
"ENSG00000256025.2",369.017101537415,-1.00259965838371,0.270840522340987,-3.70180817005457,0.000214068445014928,0.0213835905070723,"CACNA1C-AS4"
"ENSG00000119729.12",328.569854307133,1.04814460154586,0.283601225692873,3.69583946255912,0.000219161431235216,0.0214698766652201,"RHOQ"
"ENSG00000230793.1",265.001192070039,-1.16631853754361,0.316933139402696,-3.68001446532761,0.000233220723565658,0.0222851371394816,"SMARCE1P5"
"ENSG00000248222.6",112.520287524756,-1.41323893620877,0.384172286977936,-3.67865924771908,0.00023446327524609,0.0222895622839816,NA
"ENSG00000242048.3",73.4342491584117,-1.68950600746731,0.459531679258632,-3.67658223300952,0.000236379679507527,0.0223126108253991,"PRKAG2-AS2"
"ENSG00000233766.9",321.487670364646,-1.02594515930916,0.279464152651652,-3.6711154170388,0.000241494249108291,0.0226118710735417,NA
"ENSG00000135046.15",310.238421106819,1.03626522251873,0.282376204211494,3.6698036416078,0.000242736853822974,0.0226145789864174,"ANXA1"
"ENSG00000258636.3",184.133833686256,1.23804379456622,0.338215296038719,3.66051981996841,0.000251704081812856,0.0231258505460431,"LOC124907392"
"ENSG00000262869.2",110.506082626105,-1.52330286447243,0.416172083276318,-3.66027161764485,0.00025194803095834,0.0231258505460431,NA
"ENSG00000114346.14",151.328304162257,1.2964416258375,0.354451480088603,3.65759969605268,0.000254588246218547,0.0232536411362264,"ECT2"
"ENSG00000276966.3",163.751129329134,1.23358302279635,0.339679966340999,3.63160370063739,0.000281665431239492,0.0247559999070068,"H4C5"
"ENSG00000205085.13",221.744216640492,-1.26136237232745,0.347298680501615,-3.63192388322819,0.000281316106740221,0.0247559999070068,"GARIN1A"
"ENSG00000243715.2",430.232909134712,1.13989140610317,0.314694211711372,3.62221916921893,0.000292086483219039,0.0251963710494428,"CACNA2D3-AS1"
"ENSG00000263278.2",332.033118989778,-1.08553924858007,0.299787755145503,-3.62102597570472,0.000293437048125857,0.0251963710494428,NA
"ENSG00000305047.1",75.4965976659883,-1.86323417022768,0.515018996104169,-3.61779698287248,0.00029712130825638,0.0253956942052346,NA
"ENSG00000198963.11",2066.48063098761,1.08094751484318,0.30019953195944,3.60076349149414,0.000317284099474137,0.026750925907247,"RORB"
"ENSG00000156136.10",291.265812447891,1.03089923467766,0.287009003176785,3.59187071927033,0.000328312719597697,0.0274325152657573,"DCK"
"ENSG00000116711.10",102.2119045646,1.58525032601937,0.44166452878229,3.58926339498002,0.000331613655114917,0.0275764030459445,"PLA2G4A"
"ENSG00000172974.11",132.41781921613,1.47516056284956,0.412516083217682,3.57600739186484,0.000348881790412287,0.0275764030459445,NA
"ENSG00000145217.14",186.087395116514,-1.27351398404109,0.355940756452806,-3.5778818833014,0.00034638991259001,0.0275764030459445,"SLC26A1"
"ENSG00000258445.3",74.3437974906783,-1.64164651853173,0.457871138177863,-3.58538982182804,0.000336575078265592,0.0275764030459445,NA
"ENSG00000168824.15",456.910903692127,1.01969878416255,0.286077305440119,3.56441690680001,0.000364665948559235,0.0281942764294781,"NSG1"
"ENSG00000143772.11",137.681386249228,1.5157709602992,0.426488537603544,3.5540719776817,0.000379315385702077,0.028848096252191,"ITPKB"
"ENSG00000200089.1",59.2113847906294,-1.84602145119033,0.521308715628209,-3.54112907735632,0.000398418615864728,0.0298109747943366,"SNORD114-31"
"ENSG00000111664.11",247.409780670064,-1.10035320559292,0.311458217241852,-3.53290793011404,0.000411015583986907,0.0301414603311585,"GNB3"
"ENSG00000301662.1",223.663568586643,-1.1646703040023,0.329627110617644,-3.53329646284246,0.000410411969430567,0.0301414603311585,NA
"ENSG00000166762.19",1528.43780204856,-1.06129896914911,0.301135146266027,-3.52432780533543,0.000424558660791025,0.0307813288969618,"CATSPER2"
"ENSG00000183036.11",119.481155039887,1.47336523527306,0.418851751885891,3.51762939665214,0.000435420004833388,0.0312045421156173,"PCP4"
"ENSG00000242159.1",81.3644785863556,1.67131017652614,0.47722384677235,3.50215142816073,0.00046151723496031,0.0324908191904616,"ABCF2P1"
"ENSG00000270124.2",83.6852370487605,-1.53624826446875,0.438699612803065,-3.50182270427119,0.000462087000776704,0.0324908191904616,NA
"ENSG00000289558.2",55.8226893235627,-1.85811755033787,0.530945343388222,-3.49963997891066,0.000465886922468094,0.0326348534825113,NA
"ENSG00000160188.10",149.31108075261,-1.27034517316623,0.364629298637439,-3.48393609047136,0.000494097456206863,0.0339723907804519,"RSPH1"
"ENSG00000298417.1",45.1788466400127,-1.98548477481565,0.570488837172739,-3.48032186686672,0.000500811731707774,0.0343074448415844,NA
"ENSG00000153347.10",57.7403880450224,1.78184070471731,0.512783218710988,3.4748420769237,0.000511154177615782,0.0347603496040689,"FAM81B"
"ENSG00000203335.6",276.383069183697,-1.12200968123082,0.323047785942471,-3.47320034389781,0.000514291299841964,0.0348465083271102,NA
"ENSG00000293317.2",115.354125049525,-1.41722419332195,0.408315005511122,-3.47090891638403,0.000518699910778308,0.0350174066357415,NA
"ENSG00000025772.8",260.538417668041,1.06636465331824,0.307378077093089,3.46922807053442,0.000521956155807852,0.0350174066357415,"TOMM34"
"ENSG00000225383.9",244.580168190374,-1.08851056599088,0.314078358874121,-3.46572928454183,0.000528795428595817,0.0353155742689099,"SFTA1P"
"ENSG00000293517.2",177.743626609369,-1.18479856697602,0.342060669319533,-3.46370884829572,0.000532782831608455,0.0353415465799101,NA
"ENSG00000244476.4",115.652877290978,-1.31878732119207,0.380755094824505,-3.46361043914572,0.000532977759295591,0.0353415465799101,"ERVFRD-1"
"ENSG00000101911.13",283.453905785567,1.00783879785211,0.291094603438473,3.4622380007987,0.000535703204208452,0.0353496854481606,"PRPS2"
"ENSG00000160883.11",95.511996321822,-1.66673807314308,0.482468558635661,-3.45460454015145,0.000551100516936182,0.0356818208961669,"HK3"
"ENSG00000091664.9",199.261620281426,1.23134354900182,0.356582274438055,3.45318216095379,0.000554014748498385,0.0356818208961669,"SLC17A6"
"ENSG00000104833.12",2142.64791463615,1.11888521510373,0.324041454686891,3.45290764166228,0.000554578845346135,0.0356818208961669,"TUBB4A"
"ENSG00000065518.8",165.964729447295,1.16304821923055,0.337764450014899,3.4433707253065,0.000574511184186058,0.0365353818939891,"NDUFB4"
"ENSG00000291166.2",116.62161218743,-1.55167639603579,0.451432801305299,-3.43722563258403,0.000587705802293023,0.0369133514159259,NA
"ENSG00000254040.3",105.30828420987,-1.39823481463863,0.407647393374568,-3.43001043883497,0.000603558028868254,0.0374869891730072,NA
"ENSG00000106541.12",40.5691002244817,2.10624854437532,0.614871565402808,3.42550975339947,0.000613646901177451,0.0378612010252962,"AGR2"
"ENSG00000268658.5",68.0642551517673,1.6838058843835,0.491924941239592,3.42289187480616,0.000619587177634432,0.0381015441612619,"LINC00664"
"ENSG00000289463.1",197.251332569688,1.21789749419425,0.358067988522096,3.40130235942355,0.000670656043344638,0.0405725131676644,NA
"ENSG00000155324.10",116.879175143098,1.41853457472019,0.418475711239608,3.38976561033424,0.000699524060560192,0.0413694288122836,"GRAMD2B"
"ENSG00000309115.1",44.8256949523295,2.48119815427542,0.732142166854096,3.38895677179304,0.0007015906995482,0.0413694288122836,NA
"ENSG00000242866.10",162.465733621575,-1.45504375381363,0.429072409638747,-3.39113800171559,0.000696030442902494,0.0413694288122836,"STRC"
"ENSG00000099624.8",238.052795725303,1.00410736435684,0.296261289946508,3.38926278400441,0.0007008081506333,0.0413694288122836,"ATP5F1D"
"ENSG00000101438.4",253.685274749623,1.0576829573714,0.311950091298843,3.39055184426332,0.000697520601558926,0.0413694288122836,"SLC32A1"
"ENSG00000072401.15",182.001869604932,1.27424485373657,0.378427633320781,3.36720879116255,0.000759331749801726,0.043534241520171,"UBE2D1"
"ENSG00000203721.9",93.3152489458787,1.64818346013655,0.489621576306576,3.36623943856702,0.00076200533900494,0.0435535137474818,"LINC00862"
"ENSG00000293324.1",65.4664723876666,-1.61746333374578,0.481406223718328,-3.35987208734584,0.000779785670479528,0.0440894421003797,NA
"ENSG00000111344.12",272.885094088668,-1.00204233949594,0.298510659672007,-3.35680588625195,0.000788484486651917,0.0442525043367023,"RASAL1"
"ENSG00000255317.2",72.9728461084312,-1.53965448439318,0.459674013178457,-3.34944860978132,0.000809725750080187,0.0451725146743836,NA
"ENSG00000225539.10",68.7358786026498,-1.92423554165302,0.575481470046051,-3.34369678575236,0.000826700392402008,0.0457089270374677,"LINC01821"
"ENSG00000257180.1",171.7095519228,-1.16249402035075,0.347630752180066,-3.34404828416503,0.000825653661238958,0.0457089270374677,NA
"ENSG00000171016.13",113.087452086248,1.31714657540478,0.394396926831554,3.33964715695498,0.000838848948381338,0.0461069983928893,"PYGO1"
"ENSG00000290939.2",68.7589170031668,-1.59569845642773,0.477939297574827,-3.33870528019912,0.00084169813782126,0.0461275335353634,"DEFB109F"
"ENSG00000172901.21",51.699094190934,2.1045684340338,0.631150832569641,3.33449363516697,0.000854548561221096,0.046641573234634,"LVRN"
"ENSG00000130518.18",130.860979404246,-1.44423318866882,0.433184066475509,-3.33399425426574,0.000856084261592059,0.046641573234634,"IQCN"
"ENSG00000250844.3",77.2263417296448,-1.98008978723721,0.595447122183928,-3.32538308351347,0.00088297123905669,0.0478267531899515,"USP17L18"
"ENSG00000137563.13",255.200201565578,1.03333619333068,0.311485861427799,3.31744172462289,0.00090845864672725,0.0486416953001979,"GGH"
"ENSG00000250644.3",93.9679609078376,-1.37875650433597,0.415964827065837,-3.31459877043341,0.0009177475070805,0.0487544466284858,NA
"ENSG00000298926.1",90.2104390357511,-1.42349632756615,0.430752602841976,-3.30467260830079,0.00095087403808656,0.0493627491819261,NA
"ENSG00000099194.6",315.576098637607,1.14082473082265,0.345303072434345,3.30383602665326,0.000953715971957999,0.0493627491819261,"SCD"
"ENSG00000170790.6",126.390761303271,-1.21686447714977,0.36810804429037,-3.30572639208581,0.00094730541507974,0.0493627491819261,"OR10A2"
"ENSG00000281383.1",1700.33001370427,-12.9403773275552,3.9167488684094,-3.30385678589865,0.000953645356074598,0.0493627491819261,NA
"ENSG00000079112.10",40.0848508037769,2.12163623182465,0.643050113763762,3.29933264362048,0.000969149952862068,0.0498844504742511,"CDH17"
